STATEFP,COUNTYFP,TRACTCE,BLKGRPCE,AFFGEOID,GEOID,NAME,NAMELSAD,LSAD,ALAND,AWATER,geometry
11,001,007304,2,1500000US110010073042,110010073042,2,Block Group 2,BG,148097,0,"list(c(-76.994226, -76.992176, -76.991658, -76.990849, -76.988503, -76.988676, -76.993563, -76.993616, -76.994226, 38.843688, 38.844039, 38.844127, 38.840379, 38.840827, 38.839823, 38.838805, 38.840245, 38.843688))"
11,001,007304,1,1500000US110010073041,110010073041,1,Block Group 1,BG,105650,0,"list(c(-76.991658, -76.989093, -76.988511, -76.988505, -76.988503, -76.990849, -76.991658, 38.844127, 38.844592, 38.844705, 38.841855, 38.840827, 38.840379, 38.844127))"
11,001,007304,3,1500000US110010073043,110010073043,3,Block Group 3,BG,109930,0,"list(c(-76.988511, -76.983433, -76.983313, -76.985207, -76.986613, -76.988505, -76.988511, 38.844705, 38.846, 38.844629, 38.84414, 38.842345, 38.841855, 38.844705))"
11,001,009804,1,1500000US110010098041,110010098041,1,Block Group 1,BG,352693,5609,"list(c(-77.000759, -76.998451, -76.99845, -76.997453, -76.994226, -76.993616, -76.993563, -76.993505, -76.996865, -77.000571, -77.000588, -77.000759, 38.836291, 38.837678, 38.843109, 38.843167, 38.843688, 38.840245, 38.838805, 38.837482, 38.836431, 38.833969, 38.835129, 38.836291))"
11,001,009804,2,1500000US110010098042,110010098042,2,Block Group 2,BG,165670,0,"list(c(-77.002349, -76.99845, -76.998451, -77.000759, -77.000572, -77.00172, -77.004213, -77.002349, 38.842493, 38.843109, 38.837678, 38.836291, 38.841879, 38.841604, 38.840407, 38.842493))"
