STATEFP,COUNTYFP,TRACTCE,AFFGEOID,GEOID,NAME,NAMELSAD,STUSPS,NAMELSADCO,STATE_NAME,LSAD,ALAND,AWATER,geometry
11,001,009804,1400000US11001009804,11001009804,98.04,Census Tract 98.04,DC,District of Columbia,District of Columbia,CT,518363,5609,"list(c(-77.002349, -76.99845, -76.997453, -76.994226, -76.993616, -76.993563, -76.993505, -76.996865, -77.000571, -77.000588, -77.000759, -77.000572, -77.00172, -77.004213, -77.002349, 38.842493, 38.843109, 38.843167, 38.843688, 38.840245, 38.838805, 38.837482, 38.836431, 38.833969, 38.835129, 38.836291, 38.841879, 38.841604, 38.840407, 38.842493))"
11,001,007304,1400000US11001007304,11001007304,73.04,Census Tract 73.04,DC,District of Columbia,District of Columbia,CT,1232841,8983,"list(c(-76.994226, -76.992176, -76.991658, -76.989093, -76.988511, -76.983433, -76.981332, -76.980658, -76.977896, -76.976378, -76.972937771182, -76.979497, -76.9824909808814, -76.9849693143039, -76.987184, -76.988731, -76.993505, -76.993563, -76.993616, -76.994226, 38.843688, 38.844039, 38.844127, 38.844592, 38.844705, 38.846, 38.8466, 38.845405, 38.841786, 38.842489, 38.8430744331047, 38.837812, 38.8356347861757, 38.8338325496209, 38.83634, 38.838594, 38.837482, 38.838805, 38.840245, 38.843688))"
